Primary,Slope
WT,-0.038962989018597315
WT,-0.03664444231088536
WT,-0.02163471559973873
WT,-0.017251832783734322
T8A,0.007358503727530464
T8A,0.03700470828921786
T8A,0.021123033664439253
T8A,0.03905226950764025
N3A,-0.025477878702769838
