Primary,Slope
WT,-0.04115428130201456
T8A,-0.07132483367293517
T8A,-0.04650692983653142
T8A,-0.048899399350997984
N3A,0.03575728273407116
