Primary,Slope
WT,-0.03806969144352621
T8A,-0.07912230773901173
T8A,-0.07239321745186778
T8A,-0.06536044755598161
T8A,-0.056696873417074536
N3A,0.011724275923335891
