Primary,Slope
WT,-0.011414800991626691
WT,-0.022799748403400762
N3A,-0.04128333519209762
N3A,-0.05565507869736462
N3A,-0.06149571065541769
