Primary,Slope
WT,-0.01576163039298519
WT,0.010330347582002552
N3A,-0.009857299497475314
N3A,-0.029450188327545933
N3A,-0.040607365893256434
