Primary,Slope
WT,-0.0022645546838386526
N3A,-0.014080131464556327
