Primary,Slope
WT,0.013696873058888226
WT,-0.010674464742741977
WT,-0.014894396349085515
WT,-0.03609704466313461
WT,-0.006608170772457781
WT,0.002110510237926011
WT,-0.01965773975495342
WT,-0.0001781719656193855
T8A,-0.001809975182193361
T8A,0.006882998410177491
T8A,-0.017745178949873826
T8A,0.005229007444440607
T8A,0.005392247404312063
T8A,-0.042205845626104535
T8A,0.007293817331421751
N3A,-0.04254584043267148
N3A,0.002284105580542839
N3A,-0.02110389287755107
