Primary,Slope
WT,0.05274615545119226
WT,0.03165397716243611
WT,0.0314320475628399
WT,0.004178096977767521
WT,0.040430210174671605
WT,0.05775710930644082
WT,0.033646396339932494
WT,0.058477942369671104
T8A,-0.006263987374565616
T8A,0.005702414353882457
T8A,-0.009401592246461761
T8A,-0.010572745510571035
T8A,0.02036156279089741
T8A,0.03334756371123051
T8A,0.011494788693473475
N3A,-0.01590051766428336
N3A,0.002779485729774489
N3A,-0.01801651145530482
