"","Primary.diff","Primary.lwr","Primary.upr","Primary.p.adj"
"WT-N3A",144.683333277778,113.417081516496,175.94958503906,0.00202088291964309
