"","Primary.diff","Primary.lwr","Primary.upr","Primary.p.adj"
"T8A-N3A",862.405555611111,-113.724590030428,1838.53570125265,0.0671995835246499
