"","Primary.diff","Primary.lwr","Primary.upr","Primary.p.adj"
"T8A-WT",0.00767719899060865,-0.0191437086406864,0.0344981066219037,0.646110095775917
"N3A-WT",0.0674590678205028,0.0364889513388262,0.0984291843021794,0.00202420970451589
"N3A-T8A",0.0597818688298942,0.0329609611985991,0.0866027764611892,0.00182134588634231
