"","Primary.diff","Primary.lwr","Primary.upr","Primary.p.adj"
"WT-N3A",358.491111166667,68.3889563420678,648.593265991265,0.0292780083854844
