"","Primary.diff","Primary.lwr","Primary.upr","Primary.p.adj"
"WT-T8A",238.95,156.450651485454,321.449348514545,0.00251190300149573
"N3A-T8A",488.661111166667,406.161762652121,571.160459681212,0.000296701188888915
"N3A-WT",249.711111166667,145.35677245227,354.065449881064,0.00437675093133894
