"","Primary.diff","Primary.lwr","Primary.upr","Primary.p.adj"
"WT-N3A",0.0357041001507796,0.00757705588560989,0.0638311444159493,0.0272919021844285
