"","Primary.diff","Primary.lwr","Primary.upr","Primary.p.adj"
"N3A-T8A",14171.1507936508,12869.0413825808,15473.2602047208,0
"WT-T8A",14875.3610714286,13898.7790131261,15851.9431297311,0
"WT-N3A",704.210277777777,-573.251300492647,1981.6718560482,0.350355749200803
