"","Primary.diff","Primary.lwr","Primary.upr","Primary.p.adj"
"WT-T8A",5754.04666666667,5482.65987994443,6025.43345338891,5.50109735542037e-10
