"","Primary.diff","Primary.lwr","Primary.upr","Primary.p.adj"
"WT-T8A",0.045865609856422,0.0171226276414101,0.0746085920714338,0.00566144378864664
