"","Primary.diff","Primary.lwr","Primary.upr","Primary.p.adj"
"N3A-WT",0.0250583161954842,-0.054281511173973,0.104398143564941,0.307412423140825
