"","Primary.diff","Primary.lwr","Primary.upr","Primary.p.adj"
"WT-N3A",0.00195754336761653,-0.0820532803897809,0.085968367125014,0.92934409957781
