"","Primary.diff","Primary.lwr","Primary.upr","Primary.p.adj"
"WT-T8A",11958.6447619048,11634.4252253225,12282.864298487,3.17523785042795e-14
