Primary,Slope
WT,-0.05444428461492586
WT,-0.053913607850664895
WT,-0.036464123592060374
N3A,-0.04410594386525088
