Primary,Slope
WT,-49.96666666666667
T8A,-738.9916666666667
T8A,-735.775
T8A,-730.6916666666667
T8A,-720.625
N3A,10.9444445
