Primary,Slope
WT,-988.3566666666667
WT,-996.3566666666667
WT,-953.0066666666667
WT,-915.14
T8A,-1223.7666666666667
T8A,-1141.2333333333333
T8A,-1211.8166666666666
T8A,-1107.7333333333333
N3A,-1260.8722221666665
N3A,-1729.0388888333332
N3A,-845.7055555
