Primary,Slope
T8A,-0.01656850851197835
T8A,-0.006011706509869944
N3A,-0.016557361475607348
N3A,-0.03248255222606463
N3A,-0.005900331788877663
