Primary,Slope
T8A,-11.008333333333333
T8A,-5.291666666666667
N3A,-921.1111111666668
N3A,-1254.4444445000001
N3A,-436.1111111666668
