Primary,Slope
WT,-142.93333333333334
WT,-142.75
WT,-131.93333333333334
N3A,-283.88888883333334
