Primary,Slope
WT,-87.05
T8A,-460.45
T8A,-438.25
T8A,-442.0833333333333
N3A,119.05555550000001
