Primary,Slope
WT,-11.359999999999998
WT,-17.076666666666664
N3A,-11796.111111166665
N3A,-12421.111111166665
N3A,-12556.111111166665
