Primary,Slope
WT,-1303.8866666666665
WT,-1297.12
WT,-1279.0533333333333
WT,-1201.7533333333333
T8A,-1721.1958333333334
T8A,-1700.6958333333334
T8A,-1773.4791666666667
T8A,-1701.0291666666667
N3A,-12366.577777833332
N3A,-13432.577777833332
N3A,-13605.244444499998
