Primary,Slope
WT,-671.5
WT,-687.6666666666666
WT,-652.5
WT,-626.6666666666666
T8A,-68.2
T8A,-75.36666666666666
T8A,-84.2
T8A,-64.03333333333333
N3A,-242.38888883333337
