Primary,Slope
WT,-282.23333333333335
T8A,-512.0625
T8A,-503.0625
T8A,-543.5458333333333
T8A,-526.0625
N3A,-32.52222216666667
