Primary,Slope
WT,-0.05938829783415683
T8A,-0.04420444594552147
T8A,-0.04073038324228947
T8A,-0.07194742379740314
T8A,-0.051655981739192156
N3A,-0.009703719305517049
