Primary,Slope
WT,-13.436666666666667
WT,18.863333333333333
N3A,-217.77777783333332
N3A,-404.4444445
N3A,-445.11111116666666
