Primary,Slope
N3A,-0.004736058216956914
N3A,-0.031219179916337093
