Primary,Slope
N3A,-66.27777783333335
N3A,-226.77777783333335
