Primary,Slope
WT,-282.55
WT,-277.1666666666667
T8A,-988.8333333333334
T8A,-970.1666666666666
T8A,-993.6333333333333
T8A,-958.8333333333334
N3A,12.277777833333335
N3A,-12.555555499999999
