Primary,Slope
WT,-189.71666666666667
WT,-192.06666666666666
WT,-136.63333333333333
T8A,46.833333333333336
T8A,52.166666666666664
T8A,44.333333333333336
T8A,270.0
T8A,118.33333333333333
N3A,-218.33333333333334
