Primary,Slope
WT,-0.0038758947046714748
T8A,-0.050357619413207114
T8A,-0.051078752417349035
T8A,-0.05879915145502167
T8A,-0.06823907603703502
T8A,-0.03514048464255148
T8A,-0.08265966872159952
T8A,-0.049305745691372846
N3A,-0.02390095641657301
