Primary,Slope
WT,8.52
WT,-1.646666666666667
T8A,46.833333333333336
T8A,285.0
T8A,165.83333333333334
N3A,-161.5
N3A,631.0
