Primary,Slope
WT,0.015479910268823982
WT,-0.005849274951392936
N3A,-0.013517892918592948
N3A,0.01923344150079093
