Primary,Slope
WT,-8.586666666666664
T8A,52.166666666666664
N3A,-114.38888883333333
