Primary,Slope
WT,-0.04453578426089253
WT,-0.04757842211421139
WT,-0.018499367134499956
N3A,-0.011812874974383753
