Primary,Slope
WT,1924.2766666666669
WT,-44.72333333333336
WT,-14.190000000000024
WT,-559.89
WT,1138.2766666666669
WT,3665.11
WT,1505.6100000000001
WT,3156.61
T8A,-22644.166666666668
T8A,-21232.666666666668
T8A,-22162.666666666668
T8A,-22897.333333333332
T8A,-19132.666666666668
T8A,-15175.666666666666
T8A,-21409.833333333332
N3A,-464.8888888333332
N3A,-452.72222216666654
N3A,790.2777778333334
