Primary,Slope
WT,0.008918774133934418
N3A,0.001590670454530585
