Primary,Slope
WT,216.61333333333332
WT,4.279999999999999
WT,-4.353333333333334
WT,1.1133333333333326
WT,118.44666666666667
WT,161.61333333333332
T8A,246.66666666666666
T8A,490.0
T8A,-90.83333333333333
N3A,-297.88888883333334
N3A,-321.2222221666667
N3A,183.94444449999997
