Primary,Slope
WT,11.603333333333333
T8A,72.0
N3A,11.666666666666666
