"","Primary.diff","Primary.lwr","Primary.upr","Primary.p.adj"
"T8A-N3A",0.0167603246182072,-0.013168254463969,0.0466889037003835,0.339609730176884
"WT-N3A",0.0491694230480569,0.0198073667226282,0.0785314793734856,0.00155864684645268
"WT-T8A",0.0324090984298496,0.00996266411821746,0.0548555327414818,0.0051541352821145
