"","Primary.diff","Primary.lwr","Primary.upr","Primary.p.adj"
"T8A-N3A",0.0070233076525924,-0.0270904387011663,0.0411370540063511,0.559097373308349
