"","Primary.diff","Primary.lwr","Primary.upr","Primary.p.adj"
"N3A-T8A",0.0360946799175638,0.00806470779591423,0.0641246520392134,0.0116094651866189
"WT-T8A",0.0496617373607868,0.0286392582695497,0.0706842164520241,5.35357745999887e-05
"WT-N3A",0.013567057443223,-0.0139323309499338,0.0410664458363798,0.426557696305925
