"","Primary.diff","Primary.lwr","Primary.upr","Primary.p.adj"
"WT-N3A",0.0239226431672679,-0.0242551734257374,0.0721004597602732,0.212182060767823
