"","Primary.diff","Primary.lwr","Primary.upr","Primary.p.adj"
"N3A-WT",0.0041680614872995,-0.0466191458774523,0.0549552688520513,0.75793711502726
