"","Primary.diff","Primary.lwr","Primary.upr","Primary.p.adj"
"N3A-T8A",0.0326105433517322,-0.017539319159823,0.0827604058632875,0.194129673573919
"WT-T8A",0.0526356050636338,0.00248574255207851,0.102785467575189,0.0415144820528728
"WT-N3A",0.0200250617119016,-0.0463169705329266,0.0863670939567297,0.645136807131755
