"","Primary.diff","Primary.lwr","Primary.upr","Primary.p.adj"
"WT-T8A",0.0087220775143461,-0.00767025019829104,0.0251144052269832,0.263205090090583
