"","Primary.diff","Primary.lwr","Primary.upr","Primary.p.adj"
"WT-T8A",0.014422772984807,-0.0786996753586753,0.107545221328289,0.685946348572907
"N3A-T8A",0.0913343370208927,-0.00178811132258956,0.184456785364375,0.0518737439210262
"N3A-WT",0.0769115640360857,-0.0371396769840224,0.190962805056194,0.103695049290442
