Challenge,Slope
WT challenge,0.08992869028154038
WT challenge,0.1377042625329122
WT challenge,0.05795760122135132
T8A challenge,0.03990999782815443
T8A challenge,0.08768557007952626
T8A challenge,0.00793890876796537
N3A challenge,0.09747832301219121
N3A challenge,0.14525389526356305
N3A challenge,0.06550723395200216
