Challenge,Slope
WT challenge,0.2583999173809256
WT challenge,0.27196567213030437
WT challenge,0.22250792772340972
WT challenge,0.2006384339432449
T8A challenge,0.24343073624110878
T8A challenge,0.25699649099048755
T8A challenge,0.2075387465835929
T8A challenge,0.1856692528034281
N3A challenge,0.20655129915794182
N3A challenge,0.2201170539073206
N3A challenge,0.17065930950042593
N3A challenge,0.14878981572026112
