Challenge,Slope
WT challenge,0.051173973610876854
WT challenge,0.01950356760455163
T8A challenge,0.2826244590134325
T8A challenge,0.2509540530071073
N3A challenge,0.14626327812243697
N3A challenge,0.11459287211611176
