Challenge,Slope
WT challenge,17630.870000000003
WT challenge,17654.870000000003
WT challenge,17524.82
WT challenge,17411.22
T8A challenge,13043.191666499999
T8A challenge,13067.191666499999
T8A challenge,12937.1416665
T8A challenge,12823.5416665
N3A challenge,6185.416666499999
N3A challenge,6209.416666499999
N3A challenge,6079.3666665
N3A challenge,5965.7666665
