Challenge,Slope
WT challenge,0.10561106980017207
T8A challenge,0.07650628891852715
N3A challenge,-0.032777210289053914
