Challenge,Slope
WT challenge,28509.383333499998
WT challenge,29913.883333499998
WT challenge,27263.883333499998
T8A challenge,4488.3625
T8A challenge,5892.8625
T8A challenge,3242.8625
N3A challenge,24455.9166665
N3A challenge,25860.4166665
N3A challenge,23210.4166665
