Challenge,Slope
WT challenge,8191.666666499999
WT challenge,9191.6666665
WT challenge,6736.666666499999
T8A challenge,1985.0
T8A challenge,2985.0
T8A challenge,530.0
N3A challenge,9791.6666665
N3A challenge,10791.6666665
N3A challenge,8336.6666665
