Challenge,Slope
WT challenge,0.01871062823020302
T8A challenge,0.08928255537624877
N3A challenge,0.046273957896428096
