Challenge,Slope
WT challenge,7628.875
WT challenge,7618.875
WT challenge,7506.375
WT challenge,7449.375
T8A challenge,280.9166665
T8A challenge,270.9166665
T8A challenge,158.41666650000002
T8A challenge,101.41666650000002
N3A challenge,845.7166665000001
N3A challenge,835.7166665000001
N3A challenge,723.2166665000001
N3A challenge,666.2166665000001
