Challenge,Slope
WT challenge,21446.4375
WT challenge,21198.8375
WT challenge,21410.5875
WT challenge,21098.3375
T8A challenge,17952.0
T8A challenge,17704.4
T8A challenge,17916.15
T8A challenge,17603.9
N3A challenge,618.54
N3A challenge,370.93999999999994
N3A challenge,582.6899999999999
N3A challenge,270.43999999999994
