Challenge,Slope
WT challenge,0.1683981507800007
WT challenge,0.07945953709493851
WT challenge,0.12710456096927433
WT challenge,0.07331685343967136
T8A challenge,-0.01899930114035899
T8A challenge,-0.10793791482542119
T8A challenge,-0.060292890951085365
T8A challenge,-0.11408059848068834
N3A challenge,0.02140865308852975
N3A challenge,-0.06752996059653245
N3A challenge,-0.01988493672219662
N3A challenge,-0.0736726442517996
