Challenge,Slope
WT challenge,0.25413388211346605
T8A challenge,-0.011676694139980714
N3A challenge,0.2687995202433127
