Challenge,Slope
WT challenge,0.337311065498808
WT challenge,0.26285735398959675
WT challenge,0.27003476253299646
T8A challenge,0.1842373608414513
T8A challenge,0.10978364933224002
T8A challenge,0.1169610578756397
N3A challenge,0.0936614298810254
N3A challenge,0.01920771837181414
N3A challenge,0.02638512691521382
