Challenge,Slope
WT challenge,0.13556056388808332
WT challenge,0.19445021821521086
WT challenge,0.11163414329856333
T8A challenge,0.058337851373399904
T8A challenge,0.11722750570052742
T8A challenge,0.03441143078387991
N3A challenge,0.12844024048725391
N3A challenge,0.18732989481438142
N3A challenge,0.10451381989773392
