Challenge,Slope
WT challenge,85.16666650000002
WT challenge,159.66666650000002
T8A challenge,1068.75
T8A challenge,1143.25
N3A challenge,1375.8333335
N3A challenge,1450.3333335
