Challenge,Slope
WT challenge,31711.6666665
WT challenge,32193.1666665
T8A challenge,2487.375
T8A challenge,2968.875
N3A challenge,4093.3333335
N3A challenge,4574.833333500001
