Challenge,Slope
WT challenge,0.1362632642465363
WT challenge,0.17041810648185848
T8A challenge,0.3270949654487977
T8A challenge,0.3612498076841199
N3A challenge,0.31176814209506615
N3A challenge,0.34592298433038837
