Challenge,Slope
WT challenge,252240.16666649998
WT challenge,255438.16666649998
WT challenge,255956.16666649998
T8A challenge,150089.75
T8A challenge,153287.75
T8A challenge,153805.75
N3A challenge,289563.3333335
N3A challenge,292761.3333335
N3A challenge,293279.3333335
