Challenge,Slope
WT challenge,0.2777387562273116
WT challenge,0.29298848511453807
WT challenge,0.26427775574670925
WT challenge,0.25036167426209843
T8A challenge,0.2167241153291286
T8A challenge,0.23197384421635509
T8A challenge,0.20326311484852627
T8A challenge,0.18934703336391542
N3A challenge,0.15720294125476303
N3A challenge,0.1724526701419895
N3A challenge,0.1437419407741607
N3A challenge,0.12982585928954987
