Challenge,Slope
WT challenge,0.1963954330853041
WT challenge,0.24629649674235718
WT challenge,0.26254496110905545
T8A challenge,0.17110344341292255
T8A challenge,0.22100450706997563
T8A challenge,0.23725297143667393
N3A challenge,0.20316802686546068
N3A challenge,0.25306909052251375
N3A challenge,0.26931755488921205
