Challenge,Slope
WT challenge,113014.9
WT challenge,112953.4
WT challenge,113171.75
WT challenge,112954.4
T8A challenge,320197.7
T8A challenge,320136.2
T8A challenge,320354.55
T8A challenge,320137.2
N3A challenge,3333.4800000000005
N3A challenge,3271.9800000000005
N3A challenge,3490.3300000000004
N3A challenge,3272.9800000000005
