Challenge,Slope
WT challenge,494.125
WT challenge,511.275
T8A challenge,23998.6833335
T8A challenge,24015.8333335
N3A challenge,17653.6833335
N3A challenge,17670.8333335
