Challenge,Slope
WT challenge,0.15388763311677328
WT challenge,0.16249163625386118
WT challenge,0.17565353667966557
WT challenge,0.14949112949143814
T8A challenge,0.06933309703065471
T8A challenge,0.0779371001677426
T8A challenge,0.09109900059354699
T8A challenge,0.06493659340531957
N3A challenge,0.04025152470445703
N3A challenge,0.04885552784154492
N3A challenge,0.06201742826734931
N3A challenge,0.03585502107912188
