Challenge,Slope
WT challenge,0.19167599719701017
WT challenge,0.23479122771281116
WT challenge,0.25231312358697033
T8A challenge,0.18954801647607028
T8A challenge,0.2326632469918713
T8A challenge,0.2501851428660305
N3A challenge,0.2095208542707117
N3A challenge,0.25263608478651267
N3A challenge,0.27015798066067187
