Challenge,Slope
WT challenge,6383.166666499999
T8A challenge,4219.0
N3A challenge,5753.166666499999
