Challenge,Slope
WT challenge,0.1982170707602664
T8A challenge,0.17799821710236138
N3A challenge,0.19312519153137067
