Challenge,Slope
WT challenge,116934.14499999999
WT challenge,116913.845
WT challenge,116859.64499999999
WT challenge,116627.745
T8A challenge,74888.1083335
T8A challenge,74867.8083335
T8A challenge,74813.6083335
T8A challenge,74581.70833349999
N3A challenge,44176.85
N3A challenge,44156.55
N3A challenge,44102.35
N3A challenge,43870.45
