Challenge,Slope
WT challenge,56106.6666665
WT challenge,56666.6666665
WT challenge,56788.6666665
T8A challenge,238.375
T8A challenge,798.375
T8A challenge,920.375
N3A challenge,63473.3333335
N3A challenge,64033.3333335
N3A challenge,64155.3333335
