Challenge,Slope
WT challenge,0.31954154908024746
WT challenge,0.3091193609705515
WT challenge,0.40277048263589244
WT challenge,0.34189615646125954
T8A challenge,0.24157851158694948
T8A challenge,0.23115632347725348
T8A challenge,0.3248074451425945
T8A challenge,0.26393311896796157
N3A challenge,0.0988706784488845
N3A challenge,0.08844849033918849
N3A challenge,0.1820996120045295
N3A challenge,0.12122528582989656
