Challenge,Slope
WT challenge,146755.0
WT challenge,148630.0
WT challenge,149035.0
T8A challenge,140505.0
T8A challenge,142380.0
T8A challenge,142785.0
N3A challenge,211088.33333350002
N3A challenge,212963.33333350002
N3A challenge,213368.33333350002
