Challenge,Slope
WT challenge,92724.83333349999
T8A challenge,-111.25
N3A challenge,101.83333349999998
