Challenge,Slope
WT challenge,0.08720219980566002
WT challenge,-0.011051803452491616
T8A challenge,0.02455747200441909
T8A challenge,-0.07369653125373254
N3A challenge,0.18675530858097183
N3A challenge,0.08850130532282022
