Challenge,Slope
WT challenge,0.04100785681164805
T8A challenge,0.16194991712497817
