Challenge,Slope
WT challenge,0.07005547234525152
T8A challenge,0.11291467507619882
N3A challenge,0.0975593603038801
