Challenge,Slope
WT challenge,0.13195286648076293
WT challenge,0.14108078004071953
WT challenge,0.05384361510158522
T8A challenge,0.09678573243373219
T8A challenge,0.10591364599368877
T8A challenge,0.01867648105455446
N3A challenge,0.2799838826803091
N3A challenge,0.28911179624026573
N3A challenge,0.2018746313011314
