Challenge,Slope
WT challenge,500223.3333335
WT challenge,498226.3333335
WT challenge,497830.8333335
T8A challenge,8239.2125
T8A challenge,6242.2125
T8A challenge,5846.7125
N3A challenge,150281.16666649998
N3A challenge,148284.16666649998
N3A challenge,147888.66666649998
