Challenge,Slope
WT challenge,0.29426399253294366
T8A challenge,-0.0281381935708394
N3A challenge,0.016606691774257422
