Challenge,Slope
WT challenge,0.30058651222837823
T8A challenge,-0.04153229689200488
N3A challenge,0.2617697168850043
