Challenge,Slope
WT challenge,-76.45
WT challenge,31.55
WT challenge,64.45
WT challenge,-32.45
WT challenge,-440.45
T8A challenge,1147.3333335
T8A challenge,1255.3333335
T8A challenge,1288.2333334999998
T8A challenge,1191.3333335
T8A challenge,783.3333335
N3A challenge,-118.16666649999999
N3A challenge,-10.166666499999996
N3A challenge,22.733333500000004
N3A challenge,-74.16666649999999
N3A challenge,-482.16666649999996
