Challenge,Slope
WT challenge,-0.1687744512475974
N3A challenge,-0.035064101538311035
