Challenge,Slope
WT challenge,0.1408781665542264
T8A challenge,-0.057921427859304674
N3A challenge,-0.02086188218377689
