Challenge,Slope
WT challenge,0.1127161817594308
WT challenge,0.05667617157725724
WT challenge,0.11906416313249517
T8A challenge,0.05418794659815616
T8A challenge,-0.0018520635840173938
T8A challenge,0.06053592797122054
N3A challenge,0.07484647017913612
N3A challenge,0.018806459996962576
N3A challenge,0.08119445155220051
