Challenge,Slope
WT challenge,0.05329195000499811
T8A challenge,0.061502908740080506
N3A challenge,0.19967649210849978
