"","Challenge.diff","Challenge.lwr","Challenge.upr","Challenge.p.adj"
"WT challenge-N3A challenge",3735.17,3687.62574489852,3782.71425510148,5.44952638570351e-10
"T8A challenge-N3A challenge",8141.92,8094.37574489851,8189.46425510148,5.44952638570351e-10
"T8A challenge-WT challenge",4406.75,4359.20574489851,4454.29425510148,5.44952638570351e-10
