"","Challenge.diff","Challenge.lwr","Challenge.upr","Challenge.p.adj"
"T8A challenge-N3A challenge",6857.775,6637.59860316147,7077.95139683853,5.44952638570351e-10
"WT challenge-N3A challenge",11445.4533335,11225.2769366615,11665.6297303385,5.44952638570351e-10
"WT challenge-T8A challenge",4587.6783335,4367.50193666147,4807.85473033853,5.4568116691911e-10
