"","Challenge.diff","Challenge.lwr","Challenge.upr","Challenge.p.adj"
"T8A challenge-N3A challenge",0.161393758383269,0.088931101409625,0.233856415356914,0.000408147660118652
"WT challenge-N3A challenge",0.170242829061973,0.0977801720883289,0.242705486035618,0.000274056671037304
"WT challenge-T8A challenge",0.00884907067870383,-0.0636135862949405,0.0813117276523482,0.938359522516276
