"","Challenge.diff","Challenge.lwr","Challenge.upr","Challenge.p.adj"
"N3A challenge-T8A challenge",0.0404079542288887,-0.0476188307680916,0.128434739225869,0.439318518846279
"WT challenge-T8A challenge",0.18739745192036,0.0993706669233794,0.27542423691734,0.000568471099315349
"WT challenge-N3A challenge",0.146989497691471,0.0589627126944907,0.235016282688451,0.00303719511091671
