"","Challenge.diff","Challenge.lwr","Challenge.upr","Challenge.p.adj"
"N3A challenge-T8A challenge",19967.5541665,16646.1259551464,23288.9823778536,3.69110785736204e-06
"WT challenge-T8A challenge",24021.0208335,20699.5926221464,27342.4490448536,1.40311815544081e-06
"WT challenge-N3A challenge",4053.46666699999,732.038455646419,7374.89487835357,0.0223436379107463
