"","Challenge.diff","Challenge.lwr","Challenge.upr","Challenge.p.adj"
"T8A challenge-N3A challenge",17333.46,17003.0056773624,17663.9143226376,5.44952638570351e-10
"WT challenge-N3A challenge",20827.8975,20497.4431773624,21158.3518226376,5.44952638570351e-10
"WT challenge-T8A challenge",3494.4375,3163.98317736238,3824.89182263763,1.42551603854457e-09
