"","Challenge.diff","Challenge.lwr","Challenge.upr","Challenge.p.adj"
"N3A challenge-T8A challenge",564.8,391.971695308537,737.628304691463,2.03620592972298e-05
"WT challenge-T8A challenge",7347.9583335,7175.13002880854,7520.78663819146,5.44952638570351e-10
"WT challenge-N3A challenge",6783.1583335,6610.33002880854,6955.98663819146,5.44952638570351e-10
