"","Challenge.diff","Challenge.lwr","Challenge.upr","Challenge.p.adj"
"WT challenge-T8A challenge",0.0500186924533859,-0.0505251740381456,0.150562558944917,0.344655632463079
"N3A challenge-T8A challenge",0.0575683251840368,-0.0429755413074948,0.158112191675568,0.261304558853959
"N3A challenge-WT challenge",0.00754963273065085,-0.0929942337608807,0.108093499222182,0.971301552427091
