"","Challenge.diff","Challenge.lwr","Challenge.upr","Challenge.p.adj"
"N3A challenge-WT challenge",307.612499999999,256.937137643583,358.287862356416,0.000267110873551135
"T8A challenge-WT challenge",5475.0125,5424.33713764358,5525.68786235642,0
"T8A challenge-N3A challenge",5167.4,5116.72463764358,5218.07536235642,0
