"","Challenge.diff","Challenge.lwr","Challenge.upr","Challenge.p.adj"
"T8A challenge-N3A challenge",646.520000000001,557.335607168851,735.704392831152,1.38853249431747e-06
"WT challenge-N3A challenge",16379.97,16290.7856071689,16469.1543928312,6.4170890823334e-14
"WT challenge-T8A challenge",15733.45,15644.2656071689,15822.6343928312,6.4170890823334e-14
