"","Challenge.diff","Challenge.lwr","Challenge.upr","Challenge.p.adj"
"WT challenge-T8A challenge",0.0544728036384394,-0.0224211354407906,0.131366742717669,0.154807792989821
"N3A challenge-T8A challenge",0.189260402347785,0.112366463268555,0.266154341427015,0.000684304502598709
"N3A challenge-WT challenge",0.134787598709345,0.0578936596301152,0.211681537788575,0.00408947387964964
