"","Challenge.diff","Challenge.lwr","Challenge.upr","Challenge.p.adj"
"N3A challenge-WT challenge",0.0950893045115601,0.00150858729025609,0.188670021732864,0.0479669325267491
"T8A challenge-WT challenge",0.231450485402556,0.137869768181252,0.32503120262386,0.00397597675913153
"T8A challenge-N3A challenge",0.136361180890996,0.0427804636696916,0.2299418981123,0.0180884499932549
