"","Challenge.diff","Challenge.lwr","Challenge.upr","Challenge.p.adj"
"WT challenge-T8A challenge",6206.6666665,3113.93499179469,9299.3983412053,0.00204153450943689
"N3A challenge-T8A challenge",7806.6666665,4713.93499179469,10899.3983412053,0.000595986413637339
"N3A challenge-WT challenge",1600,-1492.7316747053,4692.73167470531,0.320738922487129
