"","Challenge.diff","Challenge.lwr","Challenge.upr","Challenge.p.adj"
"T8A challenge-N3A challenge",13768.4,13663.8147786373,13872.9852213627,5.44952638570351e-10
"WT challenge-N3A challenge",68633.4,68528.8147786373,68737.9852213627,5.44952638570351e-10
"WT challenge-T8A challenge",54865,54760.4147786373,54969.5852213627,5.44952638570351e-10
