"","Challenge.diff","Challenge.lwr","Challenge.upr","Challenge.p.adj"
"WT challenge-T8A challenge",2901.6,2615.27681560718,3187.92318439283,0
"N3A challenge-T8A challenge",11460.225,11173.9018156072,11746.5481843928,0
"N3A challenge-WT challenge",8558.625,8272.30181560717,8844.94818439282,0
