"","Challenge.diff","Challenge.lwr","Challenge.upr","Challenge.p.adj"
"WT challenge-T8A challenge",0.00212798072093989,-0.076049828304434,0.0803057897463137,0.996164282894764
"N3A challenge-T8A challenge",0.0199728377946414,-0.0582049712307324,0.0981506468200152,0.725780963143238
"N3A challenge-WT challenge",0.0178448570737015,-0.0603329519516723,0.0960226660990754,0.772118010619434
