"","Challenge.diff","Challenge.lwr","Challenge.upr","Challenge.p.adj"
"T8A challenge-N3A challenge",30711.2583335,30432.9831339297,30989.5335330703,5.44952638570351e-10
"WT challenge-N3A challenge",72757.295,72479.0198004297,73035.5701995703,5.44952638570351e-10
"WT challenge-T8A challenge",42046.0366665,41767.7614669297,42324.3118660703,5.44952638570351e-10
