"","Challenge.diff","Challenge.lwr","Challenge.upr","Challenge.p.adj"
"T8A challenge-N3A challenge",240,187.63903810704,292.360961892961,1.19791639918709e-06
"WT challenge-N3A challenge",2648.3,2595.93903810704,2700.66096189296,5.44952638570351e-10
"WT challenge-T8A challenge",2408.3,2355.93903810704,2460.66096189296,5.44952638570351e-10
