"","Challenge.diff","Challenge.lwr","Challenge.upr","Challenge.p.adj"
"WT challenge-N3A challenge",963.3533335,915.632802767866,1011.07386423213,0
"T8A challenge-N3A challenge",4679.5833335,4631.86280276787,4727.30386423214,0
"T8A challenge-WT challenge",3716.23,3668.50946926787,3763.95053073213,0
