"","Challenge.diff","Challenge.lwr","Challenge.upr","Challenge.p.adj"
"N3A challenge-WT challenge",0.17550487784853,0.0745830698892766,0.276426685807783,0.0109830369101176
"T8A challenge-WT challenge",0.190831701202261,0.0899098932430081,0.291753509161515,0.00864482812014034
"T8A challenge-N3A challenge",0.0153268233537315,-0.0855949846055217,0.116248631312985,0.813154426284047
