"","Challenge.diff","Challenge.lwr","Challenge.upr","Challenge.p.adj"
"WT challenge-T8A challenge",55868.2916665,54957.1708592146,56779.4124737853,6.4170890823334e-14
"N3A challenge-T8A challenge",63234.9583335,62323.8375262146,64146.0791407854,6.4170890823334e-14
"N3A challenge-WT challenge",7366.66666700002,6455.54585971464,8277.7874742854,8.80958100912821e-07
