"","Challenge.diff","Challenge.lwr","Challenge.upr","Challenge.p.adj"
"N3A challenge-T8A challenge",1605.95833350001,183.206906408765,3028.70976059124,0.0363577285634197
"WT challenge-T8A challenge",29224.2916665,27801.5402394088,30647.0430935913,0
"WT challenge-N3A challenge",27618.333333,26195.5819059088,29041.0847600913,0
