"","Challenge.diff","Challenge.lwr","Challenge.upr","Challenge.p.adj"
"N3A challenge-WT challenge",17159.5583335,17108.8829711436,17210.2336958564,0
"T8A challenge-WT challenge",23504.5583335,23453.8829711436,23555.2336958564,0
"T8A challenge-N3A challenge",6345,6294.3246376436,6395.67536235639,0
