"","Challenge.diff","Challenge.lwr","Challenge.upr","Challenge.p.adj"
"T8A challenge-N3A challenge",0.0595211740743656,0.0234843515374124,0.0955579966113187,0.00325994520313755
"WT challenge-N3A challenge",0.120535814972549,0.0844989924355954,0.156572637509502,1.68333755102834e-05
"WT challenge-T8A challenge",0.061014640898183,0.0249778183612298,0.0970514634351362,0.00277488796449288
