"","Challenge.diff","Challenge.lwr","Challenge.upr","Challenge.p.adj"
"T8A challenge-N3A challenge",9794.6666665,9639.30110786189,9950.03222513811,5.44952638570351e-10
"WT challenge-N3A challenge",43407.5,43252.1344413619,43562.8655586381,5.44952638570351e-10
"WT challenge-T8A challenge",33612.8333335,33457.4677748619,33768.1988921381,5.44952638570351e-10
