"","Challenge.diff","Challenge.lwr","Challenge.upr","Challenge.p.adj"
"WT challenge-T8A challenge",0.0946302707203352,-0.136661934261264,0.325922475701935,0.335958033528305
"N3A challenge-T8A challenge",0.157342325514245,-0.0739498794673544,0.388634530495845,0.127380719801884
"N3A challenge-WT challenge",0.0627120547939101,-0.16858015018769,0.29400425977551,0.560835528796592
