"","Challenge.diff","Challenge.lwr","Challenge.upr","Challenge.p.adj"
"T8A challenge-WT challenge",983.5833335,763.448377491077,1203.71828950892,0.000744205131003817
"N3A challenge-WT challenge",1290.666667,1070.53171099108,1510.80162300892,0.000309409827633944
"N3A challenge-T8A challenge",307.0833335,86.9483774910775,527.218289508923,0.0204216720696377
