"","Challenge.diff","Challenge.lwr","Challenge.upr","Challenge.p.adj"
"T8A challenge-N3A challenge",0.142707833138065,0.0599503731254642,0.225465293150666,0.0024599993050749
"WT challenge-N3A challenge",0.220670870631363,0.137913410618762,0.303428330643964,0.000103711179554322
"WT challenge-T8A challenge",0.077963037493298,-0.00479442251930279,0.160720497505899,0.0643272610835279
