"","Challenge.diff","Challenge.lwr","Challenge.upr","Challenge.p.adj"
"WT challenge-N3A challenge",0.0886287032805926,-0.0681061976566898,0.245363604217875,0.188695489477834
"T8A challenge-N3A challenge",0.160409244973501,0.00367434403621869,0.317144145910783,0.0470784867071339
"T8A challenge-WT challenge",0.0717805416929085,-0.0849543592443739,0.228515442630191,0.279535395887428
