"","Challenge.diff","Challenge.lwr","Challenge.upr","Challenge.p.adj"
"N3A challenge-T8A challenge",0.0209134215918863,-0.213846074929135,0.255672918112907,0.928219415385089
"WT challenge-T8A challenge",0.117332184445984,-0.117427312075037,0.352091680967005,0.239327372299915
"WT challenge-N3A challenge",0.0964187628540978,-0.138340733666923,0.331178259375119,0.333962948570118
