"","Challenge.diff","Challenge.lwr","Challenge.upr","Challenge.p.adj"
"WT challenge-T8A challenge",6249.99999999994,3202.58402755088,9297.415972449,0.00182170510406088
"N3A challenge-T8A challenge",70583.3333335,67535.917361051,73630.7493059491,3.5491609651217e-12
"N3A challenge-WT challenge",64333.3333335001,61285.917361051,67380.7493059491,3.65558694426227e-11
