"","Challenge.diff","Challenge.lwr","Challenge.upr","Challenge.p.adj"
"T8A challenge-N3A challenge",3248.66666700002,1261.71990611662,5235.61342788342,0.00135510621278068
"WT challenge-N3A challenge",71173.0333335,69186.0865726166,73159.9800943834,4.36317648677687e-14
"WT challenge-T8A challenge",67924.3666665,65937.4199056166,69911.3134273834,4.36317648677687e-14
