"","Challenge.diff","Challenge.lwr","Challenge.upr","Challenge.p.adj"
"N3A challenge-T8A challenge",2596.66666700001,731.156034794379,4462.17729920564,0.00567933545617672
"WT challenge-T8A challenge",50028.9583335,48163.4477012944,51894.4689657056,4.36317648677687e-14
"WT challenge-N3A challenge",47432.2916665,45566.7810342944,49297.8022987056,4.36317648677687e-14
