"","Challenge.diff","Challenge.lwr","Challenge.upr","Challenge.p.adj"
"N3A challenge-T8A challenge",0.0324961582658432,-0.0247990043366435,0.0897913208683299,0.344352441958379
"WT challenge-T8A challenge",0.146256183141155,0.0889610205386684,0.203551345743642,6.47635319706019e-06
"WT challenge-N3A challenge",0.113760024875312,0.0564648622728252,0.171055187477799,0.00016876733262583
