"","Challenge.diff","Challenge.lwr","Challenge.upr","Challenge.p.adj"
"T8A challenge-WT challenge",0.0333313915815861,-0.155741061444936,0.222403844608108,0.761534272543175
"N3A challenge-WT challenge",0.0442759536603701,-0.144796499366152,0.233348406686892,0.63674978820609
"N3A challenge-T8A challenge",0.010944562078784,-0.178127890947738,0.200017015105306,0.968593434687765
