"","Challenge.diff","Challenge.lwr","Challenge.upr","Challenge.p.adj"
"WT challenge-T8A challenge",0.0351671340470308,-0.0849566563494032,0.155290924443465,0.660968372193379
"N3A challenge-T8A challenge",0.183198150246577,0.063074359850143,0.303321940643011,0.00810345892495956
"N3A challenge-WT challenge",0.148031016199546,0.0279072258031122,0.26815480659598,0.021426739448401
