"","Challenge.diff","Challenge.lwr","Challenge.upr","Challenge.p.adj"
"N3A challenge-T8A challenge",5054.66666649997,2699.17361531334,7410.15971768659,0.00143380777618451
"WT challenge-T8A challenge",78784.1666665,76428.6736153134,81139.6597176866,6.4170890823334e-14
"WT challenge-N3A challenge",73729.5,71374.0069488134,76084.9930511867,6.4170890823334e-14
