"","Challenge.diff","Challenge.lwr","Challenge.upr","Challenge.p.adj"
"WT challenge-N3A challenge",0.157149385046576,0.0945780763713499,0.219720693721802,1.40970793300887e-05
"T8A challenge-N3A challenge",0.294811847013878,0.232240538338652,0.357383155689105,1.42217881915485e-09
"T8A challenge-WT challenge",0.137662461967303,0.0750911532920765,0.200233770642529,7.10865592679077e-05
