"","Challenge.diff","Challenge.lwr","Challenge.upr","Challenge.p.adj"
"T8A challenge-N3A challenge",7266.30000000001,6560.63951315282,7971.9604868472,0
"WT challenge-N3A challenge",39620.8,38915.1395131528,40326.4604868472,0
"WT challenge-T8A challenge",32354.5,31648.8395131528,33060.1604868472,0
