"","Challenge.diff","Challenge.lwr","Challenge.upr","Challenge.p.adj"
"T8A challenge-WT challenge",86,-4.12236454056593,176.122364540566,0.0564019717066101
"N3A challenge-WT challenge",129.25,39.1276354594341,219.372364540566,0.0189084269865651
"N3A challenge-T8A challenge",43.25,-46.8723645405659,133.372364540566,0.257593687745542
