"","Challenge.diff","Challenge.lwr","Challenge.upr","Challenge.p.adj"
"WT challenge-T8A challenge",1583.4166665,-5441.69552022773,8608.52885322773,0.655428483196275
"N3A challenge-T8A challenge",15600.0833335,8574.97114677227,22625.1955202277,0.00543695657360577
"N3A challenge-WT challenge",14016.666667,6991.55448027227,21041.7788537277,0.00740783810376744
