"","Challenge.diff","Challenge.lwr","Challenge.upr","Challenge.p.adj"
"WT challenge-T8A challenge",16.7500000000001,-471.72519810436,505.22519810436,0.995398434805753
"N3A challenge-T8A challenge",480.5,-7.97519810436,968.97519810436,0.053971863290836
"N3A challenge-WT challenge",463.75,-24.7251981043601,952.22519810436,0.0633114990465107
