"","Challenge.diff","Challenge.lwr","Challenge.upr","Challenge.p.adj"
"WT challenge-T8A challenge",0.062644727801241,-0.227679308238139,0.352968763840621,0.676080588957916
"N3A challenge-T8A challenge",0.162197836576553,-0.128126199462828,0.452521872615933,0.193312870874979
"N3A challenge-WT challenge",0.0995531087753118,-0.190770927264069,0.389877144814692,0.431345373102222
