"","Challenge.diff","Challenge.lwr","Challenge.upr","Challenge.p.adj"
"WT challenge-T8A challenge",298.75,63.1469336775781,534.353066322423,0.018920236680346
"N3A challenge-T8A challenge",11129.0833335,10893.4802671776,11364.6863998224,6.4170890823334e-14
"N3A challenge-WT challenge",10830.3333335,10594.7302671776,11065.9363998224,6.4170890823334e-14
