"","Challenge.diff","Challenge.lwr","Challenge.upr","Challenge.p.adj"
"WT challenge-N3A challenge",0.123827456772228,0.0520224113115298,0.195632502232926,0.000956531864628518
"T8A challenge-N3A challenge",0.185331831710348,0.11352678624965,0.257136877171046,9.93187749520619e-06
"T8A challenge-WT challenge",0.0615043749381201,-0.0103006705225779,0.133309420398818,0.1008450934889
