"","Challenge.diff","Challenge.lwr","Challenge.upr","Challenge.p.adj"
"N3A challenge-T8A challenge",193.1,-1315.23841616091,1701.43841616091,0.943036428441536
"WT challenge-T8A challenge",2225.05,716.711583839086,3733.38841616091,0.0038536405319517
"WT challenge-N3A challenge",2031.95,523.611583839086,3540.28841616091,0.00784733346431554
