"","Challenge.diff","Challenge.lwr","Challenge.upr","Challenge.p.adj"
"T8A challenge-N3A challenge",15670.8333335,14456.3500958834,16885.3165711166,7.31192884018128e-13
"WT challenge-N3A challenge",54568.3333335,53353.8500958834,55782.8165711166,2.70894418008538e-14
"WT challenge-T8A challenge",38897.5,37683.0167623834,40111.9832376166,2.70894418008538e-14
