"","Challenge.diff","Challenge.lwr","Challenge.upr","Challenge.p.adj"
"N3A challenge-T8A challenge",0.0142897882383685,-0.0615666171966078,0.0901461936733447,0.881195359484615
"WT challenge-T8A challenge",0.0785553835644897,0.0026989781295134,0.154411788999466,0.0417052333690732
"WT challenge-N3A challenge",0.0642655953261212,-0.0115908101088551,0.140122000761097,0.105360031046813
