"","Challenge.diff","Challenge.lwr","Challenge.upr","Challenge.p.adj"
"WT challenge-N3A challenge",0.135800378911476,0.102405779280323,0.169194978542629,1.4628694255947e-08
"T8A challenge-N3A challenge",0.144345474233215,0.110950874602062,0.177740073864368,5.62353896782497e-09
"T8A challenge-WT challenge",0.00854509532173878,-0.024849504309414,0.0419396949528915,0.793033929243796
