"","Challenge.diff","Challenge.lwr","Challenge.upr","Challenge.p.adj"
"T8A challenge-N3A challenge",33.3166665000001,-177.837145865852,244.470478865852,0.881231561292683
"WT challenge-N3A challenge",370.5,159.346187634148,581.653812365852,0.00406907873666884
"WT challenge-T8A challenge",337.1833335,126.029521134148,548.337145865852,0.00648966168256826
