"","Challenge.diff","Challenge.lwr","Challenge.upr","Challenge.p.adj"
"N3A challenge-T8A challenge",0.02065852358098,-0.0653568415048856,0.106673888666846,0.752009588039883
"WT challenge-T8A challenge",0.0585282351612746,-0.027487129924591,0.14454360024714,0.172662383048443
"WT challenge-N3A challenge",0.0378697115802946,-0.048145653505571,0.12388507666616,0.421145507314894
