"","Challenge.diff","Challenge.lwr","Challenge.upr","Challenge.p.adj"
"T8A challenge-N3A challenge",0.119007536363021,0.0646732712610208,0.173341801465021,7.48934253256284e-05
"WT challenge-N3A challenge",0.137184617252068,0.0828503521500677,0.191518882354068,1.31791333541909e-05
"WT challenge-T8A challenge",0.0181770808890469,-0.0361571842129533,0.072511345991047,0.675318870028707
