"","Challenge.diff","Challenge.lwr","Challenge.upr","Challenge.p.adj"
"WT challenge-T8A challenge",0.17585066977167,0.055097941063728,0.296603398479611,0.0100849282110846
"N3A challenge-T8A challenge",0.206048066197273,0.0852953374893313,0.326800794905215,0.00467963795813664
"N3A challenge-WT challenge",0.0301973964256034,-0.0905553322823383,0.150950125133545,0.735080998853916
