"","Challenge.diff","Challenge.lwr","Challenge.upr","Challenge.p.adj"
"T8A challenge-N3A challenge",0.0312766205008867,-0.0365019691412126,0.099055210142986,0.481016461906807
"WT challenge-N3A challenge",0.0887992786976517,0.0210206890555524,0.156577868339751,0.00962206292999923
"WT challenge-T8A challenge",0.0575226581967651,-0.0102559314453342,0.125301247838864,0.104631601476333
