"","Challenge.diff","Challenge.lwr","Challenge.upr","Challenge.p.adj"
"T8A challenge-N3A challenge",401.249999999997,-4066.97782466128,4869.47782466127,0.972188607660829
"WT challenge-N3A challenge",17070.4166665,12602.1888418387,21538.6444911613,1.09656511648737e-08
"WT challenge-T8A challenge",16669.1666665,12200.9388418387,21137.3944911613,1.65060057844002e-08
