"","Challenge.diff","Challenge.lwr","Challenge.upr","Challenge.p.adj"
"T8A challenge-WT challenge",254.5,-822.502367443523,1331.50236744352,0.791706963274655
"N3A challenge-WT challenge",480,-597.002367443523,1557.00236744352,0.458718550885398
"N3A challenge-T8A challenge",225.5,-851.502367443523,1302.50236744352,0.831586614200031
