"","Challenge.diff","Challenge.lwr","Challenge.upr","Challenge.p.adj"
"WT challenge-T8A challenge",48.9166664999993,-4468.1176295868,4565.95096258679,0.999391544916766
"N3A challenge-T8A challenge",9195.5833335,4678.54903741321,13712.6176295868,0.00189414059366677
"N3A challenge-WT challenge",9146.666667,4629.63237091321,13663.7009630868,0.00194789761561132
