"","Challenge.diff","Challenge.lwr","Challenge.upr","Challenge.p.adj"
"N3A challenge-T8A challenge",3618.86666650001,-2181.69774289513,9419.43107589514,0.279173379802941
"WT challenge-T8A challenge",33131.1666665,27330.6022571049,38931.7310758951,7.06135150352338e-12
"WT challenge-N3A challenge",29512.3,23711.7355906049,35312.8644093951,6.21954709956185e-11
