"","Challenge.diff","Challenge.lwr","Challenge.upr","Challenge.p.adj"
"T8A challenge-N3A challenge",1103.1666665,-1656.15510785946,3862.48844085945,0.565037449962362
"WT challenge-N3A challenge",18254.4166665,15495.0948921406,21013.7384408595,7.71982477942856e-11
"WT challenge-T8A challenge",17151.25,14391.9282256406,19910.5717743595,1.88856374983004e-10
