"","Challenge.diff","Challenge.lwr","Challenge.upr","Challenge.p.adj"
"WT challenge-N3A challenge",41.7166664999999,-300.911992679458,384.345325679458,0.943766550918157
"T8A challenge-N3A challenge",1265.5,922.871340820542,1608.12865917946,1.17261833687543e-06
"T8A challenge-WT challenge",1223.7833335,881.154674320542,1566.41199267946,1.67895623937042e-06
