"","Challenge.diff","Challenge.lwr","Challenge.upr","Challenge.p.adj"
"T8A challenge-N3A challenge",4171.12499999999,3627.84829894151,4714.40170105848,4.00790511889682e-13
"WT challenge-N3A challenge",31004.125,30460.8482989415,31547.4017010585,2.53130849614536e-14
"WT challenge-T8A challenge",26833,26289.7232989415,27376.2767010585,2.53130849614536e-14
