"","Challenge.diff","Challenge.lwr","Challenge.upr","Challenge.p.adj"
"WT challenge-T8A challenge",0.0722623838827416,0.000451206736338361,0.144073561029145,0.0488281405403015
"N3A challenge-T8A challenge",0.0855631447602975,0.0137519676138943,0.157374321906701,0.0247505111954798
"N3A challenge-WT challenge",0.0133007608775559,-0.0585104162688473,0.0851119380239591,0.841277991334447
