"","Challenge.diff","Challenge.lwr","Challenge.upr","Challenge.p.adj"
"T8A challenge-N3A challenge",495.250000000001,-7816.54752213983,8807.04752213983,0.987341207059814
"WT challenge-N3A challenge",2795.25,-5516.54752213983,11107.0475221398,0.672596717135834
"WT challenge-T8A challenge",2300,-6011.79752213983,10611.7975221398,0.762954322381963
