"","Challenge.diff","Challenge.lwr","Challenge.upr","Challenge.p.adj"
"N3A challenge-T8A challenge",786.3333335,-815.267385846248,2387.93405284625,0.35279761680386
"WT challenge-T8A challenge",3418,1816.39928065375,5019.60071934625,0.00147640338276389
"WT challenge-N3A challenge",2631.6666665,1030.06594715375,4233.26738584625,0.00564225673310836
