"","Challenge.diff","Challenge.lwr","Challenge.upr","Challenge.p.adj"
"WT challenge-N3A challenge",34611.25,33317.8916077021,35904.6083922978,2.53130849614536e-14
"T8A challenge-N3A challenge",41518.75,40225.3916077022,42812.1083922978,2.53130849614536e-14
"T8A challenge-WT challenge",6907.50000000001,5614.14160770217,8200.85839229785,1.86320292527853e-10
