"","Challenge.diff","Challenge.lwr","Challenge.upr","Challenge.p.adj"
"T8A challenge-N3A challenge",0.0988250153500505,0.0453340733775066,0.152315957322594,0.000482903647881172
"WT challenge-N3A challenge",0.192735008734617,0.139244066762073,0.246225950707161,9.26981237325819e-08
"WT challenge-T8A challenge",0.0939099933845668,0.040419051412023,0.147400935357111,0.000804218595673145
