"","Challenge.diff","Challenge.lwr","Challenge.upr","Challenge.p.adj"
"WT challenge-N3A challenge",0.0271547358454778,-0.0597550369545598,0.114064508645516,0.690198539020955
"T8A challenge-N3A challenge",0.156517188576921,0.0696074157768835,0.243426961376959,0.00115577056783289
"T8A challenge-WT challenge",0.129362452731443,0.0424526799314057,0.216272225531481,0.00487744868820195
