"","Challenge.diff","Challenge.lwr","Challenge.upr","Challenge.p.adj"
"WT challenge-T8A challenge",15081.8833335,12938.696022992,17225.070644008,1.58822391749247e-06
"N3A challenge-T8A challenge",27972.3833335,25829.196022992,30115.570644008,5.03788324390797e-08
"N3A challenge-WT challenge",12890.5,10747.312689492,15033.687310508,3.68046659837695e-06
