"","Challenge.diff","Challenge.lwr","Challenge.upr","Challenge.p.adj"
"T8A challenge-N3A challenge",0.0500090584895001,-0.122575689497809,0.222593806476809,0.736675255345009
"WT challenge-N3A challenge",0.16911950519082,-0.00346524279648933,0.341704253178128,0.05516018662698
"WT challenge-T8A challenge",0.119110446701319,-0.0534743012859894,0.291695194688628,0.205571174038999
