"","Challenge.diff","Challenge.lwr","Challenge.upr","Challenge.p.adj"
"T8A challenge-N3A challenge",45492.5,34346.8288469412,56638.1711530587,1.38100622049109e-08
"WT challenge-N3A challenge",67470.8875,56325.2163469412,78616.5586530587,2.32383001730341e-11
"WT challenge-T8A challenge",21978.3875,10832.7163469412,33124.0586530587,0.000243527822269995
