Challenge,Slope
WT challenge,0.13195024036137895
T8A challenge,0.2639757119767495
N3A challenge,-0.028920944870800103
