Challenge,Slope
WT challenge,0.2371873565309464
WT challenge,0.23023171640781054
WT challenge,0.18520253627437064
WT challenge,0.17205388782635742
T8A challenge,0.08236351838134741
T8A challenge,0.07540787825821153
T8A challenge,0.030378698124771654
T8A challenge,0.01723004967675843
N3A challenge,0.13058664403101705
N3A challenge,0.12363100390788118
N3A challenge,0.07860182377444129
N3A challenge,0.06545317532642807
