Challenge,Slope
WT challenge,0.29838160358699417
T8A challenge,0.24723961707474826
N3A challenge,0.11559977366250367
