Challenge,Slope
WT challenge,0.17736284036343591
T8A challenge,0.06538024520281213
N3A challenge,0.09482329624407085
