Challenge,Slope
WT challenge,0.26369291481360824
WT challenge,0.2435056439521764
WT challenge,0.22240733426451786
WT challenge,0.19641661184779666
T8A challenge,0.3022881172036266
T8A challenge,0.28210084634219473
T8A challenge,0.2610025366545362
T8A challenge,0.23501181423781503
N3A challenge,0.0484059982547528
N3A challenge,0.02821872739332094
N3A challenge,0.00712041770566243
N3A challenge,-0.018870304711058772
