Challenge,Slope
WT challenge,0.27018144111046244
WT challenge,0.2067792493047346
WT challenge,0.2544489983427788
WT challenge,0.19398187842464845
T8A challenge,0.2613323704317586
T8A challenge,0.1979301786260308
T8A challenge,0.245599927664075
T8A challenge,0.18513280774594465
N3A challenge,0.09993861204848922
N3A challenge,0.03653642024276138
N3A challenge,0.0842061692808056
N3A challenge,0.023739049362675235
