Challenge,Slope
WT challenge,0.12353566306281652
WT challenge,0.12194363277003362
WT challenge,0.06959517999422005
T8A challenge,0.0690628594243771
T8A challenge,0.06747082913159419
T8A challenge,0.01512237635578062
N3A challenge,0.2583232617721617
N3A challenge,0.25673123147937876
N3A challenge,0.2043827787035652
