Challenge,Slope
WT challenge,0.01755312576446748
WT challenge,0.040488606895816306
T8A challenge,0.09185080304080877
T8A challenge,0.1147862841721576
N3A challenge,0.10266924152555364
N3A challenge,0.12560472265690245
