Challenge,Slope
WT challenge,0.03537238655539108
T8A challenge,0.06982903901073305
N3A challenge,0.07693399077996288
