Challenge,Slope
WT challenge,0.24468714874576986
WT challenge,0.16641121482080662
T8A challenge,0.15005687802543463
T8A challenge,0.0717809441004714
N3A challenge,0.3073992035396799
N3A challenge,0.22912326961471668
