Challenge,Slope
WT challenge,0.3902479053920468
T8A challenge,0.3401515918647578
N3A challenge,0.19002478327667957
