Challenge,Slope
WT challenge,0.2126154620547757
WT challenge,0.27139412854498757
WT challenge,0.30486566124211906
T8A challenge,0.01289811888190453
T8A challenge,0.07167678537211639
T8A challenge,0.10514831806924789
N3A challenge,0.2187010713652186
N3A challenge,0.27747973785543045
N3A challenge,0.310951270552562
