Challenge,Slope
WT challenge,0.29491150526793514
WT challenge,0.2858892989859162
WT challenge,0.3300048431602889
WT challenge,0.2860237076690062
T8A challenge,0.34689358939405046
T8A challenge,0.3378713831120315
T8A challenge,0.3819869272864042
T8A challenge,0.3380057917951215
N3A challenge,0.12305880304533759
N3A challenge,0.1140365967633186
N3A challenge,0.1581521409376913
N3A challenge,0.11417100544640864
