Challenge,Slope
WT challenge,0.22207125073758674
T8A challenge,0.09358259626148797
N3A challenge,0.15627974174324874
