Challenge,Slope
WT challenge,0.24553460882841013
WT challenge,0.19249101079414702
T8A challenge,0.31731515052131865
T8A challenge,0.2642715524870555
N3A challenge,0.1569059055478177
N3A challenge,0.10386230751355456
