Challenge,Slope
WT challenge,0.19890549569833443
WT challenge,0.278354860796475
T8A challenge,0.08157331125235041
T8A challenge,0.16102267635049095
N3A challenge,0.1024867328442367
N3A challenge,0.18193609794237725
