Challenge,Slope
WT challenge,0.3226646648158516
WT challenge,0.31744544333161306
WT challenge,0.3057057349049037
WT challenge,0.27373511593668026
T8A challenge,0.3004280785916934
T8A challenge,0.2952088571074548
T8A challenge,0.2834691486807455
T8A challenge,0.25149852971252207
N3A challenge,0.27412372051715084
N3A challenge,0.26890449903291225
N3A challenge,0.25716479060620295
N3A challenge,0.2251941716379795
