Challenge,Slope
WT challenge,0.32636477150099813
WT challenge,0.29278736806317396
WT challenge,0.3404931200902487
WT challenge,0.2797868613007509
T8A challenge,0.3738134545381434
T8A challenge,0.3402360511003193
T8A challenge,0.38794180312739396
T8A challenge,0.32723554433789626
N3A challenge,0.16748770642564917
N3A challenge,0.13391030298782503
N3A challenge,0.1816160550148997
N3A challenge,0.12090979622540199
