Challenge,Slope
WT challenge,0.06882949696470782
T8A challenge,0.16937965097476937
N3A challenge,0.24132143613070384
