Challenge,Slope
WT challenge,-0.0719382706428672
T8A challenge,-0.013278213359908086
N3A challenge,0.012758109062254608
