Challenge,Slope
WT challenge,-0.02536931175861179
T8A challenge,0.007457741631694326
N3A challenge,0.04894446936115129
