Challenge,Slope
T8A challenge,0.05292163171321573
T8A challenge,-0.037373067294932304
T8A challenge,-0.010297771678026636
N3A challenge,0.1311585889531361
N3A challenge,0.04086388994498806
N3A challenge,0.06793918556189374
