Challenge,Slope
WT challenge,0.32200630447508266
WT challenge,0.1875164664354397
WT challenge,0.25768046180972143
T8A challenge,0.13786047185301467
T8A challenge,0.003370633813371704
T8A challenge,0.07353462918765344
N3A challenge,0.20031142556933385
N3A challenge,0.06582158752969089
N3A challenge,0.1359855829039726
