Challenge,Slope
WT challenge,0.3195840155760415
WT challenge,0.2587080305635901
WT challenge,0.25218151841987196
T8A challenge,0.1190440594934838
T8A challenge,0.05816807448103241
T8A challenge,0.051641562337314276
N3A challenge,0.2596513718576084
N3A challenge,0.198775386845157
N3A challenge,0.19224887470143887
