Challenge,Slope
WT challenge,-0.10634046152513625
WT challenge,-0.11173288758545663
WT challenge,-0.10359754349753394
WT challenge,-0.19393179946977046
WT challenge,-0.152685976560217
N3A challenge,0.061480986981827315
N3A challenge,0.056088560921506936
N3A challenge,0.06422390500942962
N3A challenge,-0.026110350962806894
N3A challenge,0.015135471946746559
