Challenge,Slope
WT challenge,0.03822520596708885
WT challenge,0.1022127616277396
T8A challenge,0.07155659754867498
T8A challenge,0.13554415320932572
N3A challenge,0.08250115962745896
N3A challenge,0.14648871528810972
