Challenge,Slope
N3A challenge,-0.06496414920651308
N3A challenge,-0.08697455203411497
N3A challenge,0.007881447210179093
