Challenge,Slope
WT challenge,0.18497216560996402
WT challenge,0.19502015125022423
WT challenge,0.10696579276547569
T8A challenge,0.009121495838294358
T8A challenge,0.019169481478554573
T8A challenge,-0.06888487700619397
N3A challenge,0.21516956203556736
N3A challenge,0.22521754767582758
N3A challenge,0.13716318919107903
