Challenge,Slope
WT challenge,0.01081669957467719
WT challenge,0.05963908201019521
WT challenge,-0.06314089489881765
T8A challenge,0.008399895222032239
T8A challenge,0.05722227765755026
T8A challenge,-0.0655576992514626
N3A challenge,0.12505379755485713
N3A challenge,0.17387617999037513
N3A challenge,0.05109620308136229
