Challenge,Slope
T8A challenge,0.033396380461391525
T8A challenge,-0.03898336388779278
T8A challenge,-0.08398044358142406
T8A challenge,-0.009458712562799754
N3A challenge,0.06512064385695945
N3A challenge,-0.007259100492224846
N3A challenge,-0.052256180185856135
N3A challenge,0.022265550832768176
