Challenge,Slope
WT challenge,0.2218616433614795
T8A challenge,0.18537037658374894
N3A challenge,0.1594465298079696
