Challenge,Slope
WT challenge,0.13625388697843643
WT challenge,0.1354264851215013
WT challenge,0.0861970892323554
T8A challenge,0.06399150309569483
T8A challenge,0.06316410123875968
T8A challenge,0.013934705349613807
N3A challenge,0.14955464785599232
N3A challenge,0.14872724599905718
N3A challenge,0.0994978501099113
