Challenge,Slope
WT challenge,0.050060830118638225
WT challenge,0.06657291446216704
WT challenge,0.18560558778036026
T8A challenge,-0.01079744262929605
T8A challenge,0.005714641714232771
T8A challenge,0.124747315032426
N3A challenge,-0.024186691102881852
N3A challenge,-0.007674606759353031
N3A challenge,0.1113580665588402
