"","Challenge.diff","Challenge.lwr","Challenge.upr","Challenge.p.adj"
"T8A challenge-N3A challenge",0.110138710906631,-0.0285912469522405,0.248868668765504,0.127717510290612
"WT challenge-N3A challenge",0.168419379077814,0.0296894212189421,0.307149336936686,0.0180618415549013
"WT challenge-T8A challenge",0.0582806681711826,-0.0804492896876894,0.197010626030055,0.52011050199286
