"","Challenge.diff","Challenge.lwr","Challenge.upr","Challenge.p.adj"
"T8A challenge-N3A challenge",0.0263043580745426,-0.017022286771665,0.0696310029207501,0.258974938241805
"WT challenge-N3A challenge",0.0485409442987008,0.00521429945249324,0.0918675891449084,0.0296177205490966
"WT challenge-T8A challenge",0.0222365862241583,-0.0210900586220493,0.0655632310703658,0.365654738916404
