"","Challenge.diff","Challenge.lwr","Challenge.upr","Challenge.p.adj"
"T8A challenge-N3A challenge",0.036879437083167,-0.0276509637254017,0.101409837891736,0.296237173245149
"WT challenge-N3A challenge",0.0518486182229838,-0.0126817825855849,0.116379019031552,0.116685600371084
"WT challenge-T8A challenge",0.0149691811398168,-0.0495612196687518,0.0794995819483855,0.798281668230939
