"","Challenge.diff","Challenge.lwr","Challenge.upr","Challenge.p.adj"
"T8A challenge-N3A challenge",0.0905759309604259,-0.0123166456099004,0.193468507530752,0.0790921783870618
"WT challenge-N3A challenge",0.243649635617783,0.140757059047456,0.346542212188109,0.000844644489841451
"WT challenge-T8A challenge",0.153073704657357,0.0501811280870303,0.255966281227683,0.00911945193314589
