"","Challenge.diff","Challenge.lwr","Challenge.upr","Challenge.p.adj"
"N3A challenge-T8A challenge",0.0624509537163191,-0.106066310720753,0.230968218153392,0.528406572486698
"WT challenge-T8A challenge",0.184145832622068,0.0156285681849953,0.352663097059141,0.0353824345947568
"WT challenge-N3A challenge",0.121694878905749,-0.0468223855313238,0.290212143342821,0.146711401511169
