"","Challenge.diff","Challenge.lwr","Challenge.upr","Challenge.p.adj"
"N3A challenge-T8A challenge",0.0235276051843903,-0.0468882908448073,0.093943501213588,0.681577928297657
"WT challenge-T8A challenge",0.0935986442908325,0.0231827482616348,0.16401454032003,0.00816433785224224
"WT challenge-N3A challenge",0.0700710391064422,-0.000344856922755488,0.14048693513564,0.0512818636526087
