"","Challenge.diff","Challenge.lwr","Challenge.upr","Challenge.p.adj"
"T8A challenge-N3A challenge",0.0133892484735858,-0.171879112618094,0.198657609565266,0.973377507597431
"WT challenge-N3A challenge",0.0742475212215201,-0.11102083987016,0.2595158823132,0.480246292937496
"WT challenge-T8A challenge",0.0608582727479343,-0.124410088343746,0.246126633839614,0.599069399791622
