"","Challenge.diff","Challenge.lwr","Challenge.upr","Challenge.p.adj"
"N3A challenge-T8A challenge",0.140607312364125,0.0474768992790823,0.233737725449167,0.00850285102850479
"WT challenge-T8A challenge",0.200539956082558,0.107409542997515,0.2936703691676,0.00140773151773776
"WT challenge-N3A challenge",0.0599326437184332,-0.033197769366609,0.153063056803475,0.199247249891703
