"","Challenge.diff","Challenge.lwr","Challenge.upr","Challenge.p.adj"
"T8A challenge-N3A challenge",0.0290815723261977,0.0063289176157799,0.0518342270366155,0.015024116504773
"WT challenge-N3A challenge",0.113636108412316,0.0908834537018985,0.136388763122734,5.7897045424582e-07
"WT challenge-T8A challenge",0.0845545360861186,0.0618018813757008,0.107307190796536,7.03757399311833e-06
