"","Challenge.diff","Challenge.lwr","Challenge.upr","Challenge.p.adj"
"T8A challenge-WT challenge",0.0742976772763413,0.0065271923113351,0.142068162241347,0.0392912259567179
"N3A challenge-WT challenge",0.0851161157610861,0.01734563079608,0.152886600726092,0.0272585381804018
"N3A challenge-T8A challenge",0.0108184384847449,-0.0569520464802613,0.078588923449751,0.796969783208096
