"","Challenge.diff","Challenge.lwr","Challenge.upr","Challenge.p.adj"
"N3A challenge-T8A challenge",0.070102389113854,-0.0366716372816241,0.176876415509332,0.18945865901175
"WT challenge-T8A challenge",0.0772227125146835,-0.0295513138807947,0.183996738910162,0.146090315018354
"WT challenge-N3A challenge",0.00712032340082944,-0.0996537029946487,0.113894349796308,0.977271614888014
