"","Challenge.diff","Challenge.lwr","Challenge.upr","Challenge.p.adj"
"WT challenge-T8A challenge",0.00241680435264493,-0.152450102153648,0.157283710858938,0.998737020739838
"N3A challenge-T8A challenge",0.116653902332825,-0.0382130041734678,0.271520808839118,0.129888400885027
"N3A challenge-WT challenge",0.11423709798018,-0.0406298085261127,0.269104004486473,0.138076171059664
