"","Challenge.diff","Challenge.lwr","Challenge.upr","Challenge.p.adj"
"T8A challenge-N3A challenge",0.122139032769017,0.0598584838516605,0.184419581686373,0.000366056964679728
"WT challenge-N3A challenge",0.20326322689658,0.140982677979223,0.265543775813936,1.19420409061544e-06
"WT challenge-T8A challenge",0.0811241941275627,0.0188436452102065,0.143404743044919,0.0107493501786702
