"","Challenge.diff","Challenge.lwr","Challenge.upr","Challenge.p.adj"
"N3A challenge-WT challenge",0.167821448506964,0.110748035582623,0.224894861431305,0.000140569716961858
