"","Challenge.diff","Challenge.lwr","Challenge.upr","Challenge.p.adj"
"T8A challenge-N3A challenge",0.00894457438515005,-0.0592057822147681,0.0770949309850682,0.941623010491312
"WT challenge-N3A challenge",0.111682153724291,0.0435317971243729,0.179832510324209,0.00132517111030894
"WT challenge-T8A challenge",0.102737579339141,0.0345872227392228,0.170887935939059,0.00288450471285939
