"","Challenge.diff","Challenge.lwr","Challenge.upr","Challenge.p.adj"
"N3A challenge-T8A challenge",0.0482231256496697,-0.015694762390347,0.112141013689686,0.143360685808253
"WT challenge-T8A challenge",0.154823838149599,0.0909059501095824,0.218741726189616,0.000217527464961842
"WT challenge-N3A challenge",0.106600712499929,0.0426828244599128,0.170518600539946,0.00306153122515285
