"","Challenge.diff","Challenge.lwr","Challenge.upr","Challenge.p.adj"
"T8A challenge-N3A challenge",0.00379353497152476,-0.052334947974024,0.0599220179170736,0.984139998512257
"WT challenge-N3A challenge",0.0501580160404274,-0.00597046690512137,0.106286498985976,0.0853867156748432
"WT challenge-T8A challenge",0.0463644810689027,-0.00976400187664613,0.102492964014451,0.11785887117886
