"","Challenge.diff","Challenge.lwr","Challenge.upr","Challenge.p.adj"
"WT challenge-T8A challenge",0.0887068072827263,-0.0064992676044643,0.183912882169917,0.0696184409506574
"N3A challenge-T8A challenge",0.186310856386598,0.0911047814994077,0.281516931273789,0.000373740218237217
"N3A challenge-WT challenge",0.097604049103872,0.00239797421668145,0.192810123991063,0.04416339966755
